idx,sing,plur,freq
_,abandons,abandon,_
_,abates,abate,_
_,abbreviates,abbreviate,_
_,abdicates,abdicate,_
_,abducts,abduct,_
_,abhors,abhor,_
_,abides,abide,_
_,abolishes,abolish,_
_,aborts,abort,_
_,abounds,abound,_
_,abridges,abridge,_
_,absconds,abscond,_
_,absolves,absolve,_
_,absorbs,absorb,_
_,abstains,abstain,_
_,abstracts,abstract,_
_,abuses,abuse,_
_,accedes,accede,_
_,accelerates,accelerate,_
_,accents,accent,_
_,accentuates,accentuate,_
_,accepts,accept,_
_,accesses,access,_
_,accessorizes,accessorize,_
_,acclaims,acclaim,_
_,acclimates,acclimate,_
_,acclimatizes,acclimatize,_
_,accommodates,accommodate,_
_,accomodates,accomodate,_
_,accompanies,accompany,_
_,accomplishes,accomplish,_
_,accords,accord,_
_,accosts,accost,_
_,accounts,account,_
_,accredits,accredit,_
_,accrues,accrue,_
_,acculturates,acculturate,_
_,accumulates,accumulate,_
_,accuses,accuse,_
_,accustoms,accustom,_
_,acerbates,acerbate,_
_,aches,ache,_
_,achieves,achieve,_
_,acidifies,acidify,_
_,acknowledges,acknowledge,_
_,acquaints,acquaint,_
_,acquiesces,acquiesce,_
_,acquires,acquire,_
_,acquits,acquit,_
_,activates,activate,_
_,acts,act,_
_,actualizes,actualize,_
_,adapts,adapt,_
_,addresses,address,_
_,adds,add,_
_,adheres,adhere,_
_,adjoins,adjoin,_
_,adjourns,adjourn,_
_,adjudicates,adjudicate,_
_,adjusts,adjust,_
_,administers,administer,_
_,administrates,administrate,_
_,admires,admire,_
_,admits,admit,_
_,admonishes,admonish,_
_,adopts,adopt,_
_,adores,adore,_
_,adorns,adorn,_
_,adsorbs,adsorb,_
_,adulates,adulate,_
_,advances,advance,_
_,advantages,advantage,_
_,advertises,advertise,_
_,advises,advise,_
_,advocates,advocate,_
_,affects,affect,_
_,affiliates,affiliate,_
_,affirms,affirm,_
_,affixes,affix,_
_,afflicts,afflict,_
_,affords,afford,_
_,affronts,affront,_
_,ages,age,_
_,aggravates,aggravate,_
_,aggregates,aggregate,_
_,aggrieves,aggrieve,_
_,agitates,agitate,_
_,agonizes,agonize,_
_,agrees,agree,_
_,aids,aid,_
_,ails,ail,_
_,aims,aim,_
_,airbrushes,airbrush,_
_,airdrops,airdrop,_
_,airlifts,airlift,_
_,airmails,airmail,_
_,airs,air,_
_,alarms,alarm,_
_,alerts,alert,_
_,alienates,alienate,_
_,aligns,align,_
_,allays,allay,_
_,alleges,allege,_
_,alleviates,alleviate,_
_,allies,ally,_
_,allocates,allocate,_
_,allots,allot,_
_,alloweds,allowed,_
_,allows,allow,_
_,alludes,allude,_
_,allures,allure,_
_,alphabetizes,alphabetize,_
_,alternates,alternate,_
_,alters,alter,_
_,amalgamates,amalgamate,_
_,amasses,amass,_
_,amazes,amaze,_
_,ambles,amble,_
_,ambushes,ambush,_
_,amends,amend,_
_,amortizes,amortize,_
_,amounts,amount,_
_,amplifies,amplify,_
_,amputates,amputate,_
_,amuses,amuse,_
_,analogizes,analogize,_
_,analyzes,analyze,_
_,anchors,anchor,_
_,anesthetizes,anesthetize,_
_,angers,anger,_
_,anguishes,anguish,_
_,animates,animate,_
_,annexes,annex,_
_,annihilates,annihilate,_
_,annotates,annotate,_
_,announces,announce,_
_,annoys,annoy,_
_,annualizes,annualize,_
_,annuls,annul,_
_,annunciates,annunciate,_
_,anoints,anoint,_
_,answers,answer,_
_,antagonizes,antagonize,_
_,anticipates,anticipate,_
_,antiquates,antiquate,_
_,apologizes,apologize,_
_,appalls,appall,_
_,appeals,appeal,_
_,appears,appear,_
_,appeases,appease,_
_,appends,append,_
_,appertains,appertain,_
_,applauds,applaud,_
_,applies,apply,_
_,appoints,appoint,_
_,appraises,appraise,_
_,appreciates,appreciate,_
_,apprehends,apprehend,_
_,apprentices,apprentice,_
_,apprises,apprise,_
_,approaches,approach,_
_,appropriates,appropriate,_
_,approves,approve,_
_,approximates,approximate,_
_,arbitrages,arbitrage,_
_,arbitrates,arbitrate,_
_,archives,archive,_
_,argues,argue,_
_,arises,arise,_
_,armors,armor,_
_,arms,arm,_
_,aromatizes,aromatize,_
_,arouses,arouse,_
_,arraigns,arraign,_
_,arranges,arrange,_
_,arrests,arrest,_
_,arrives,arrive,_
_,articulates,articulate,_
_,ascends,ascend,_
_,ascertains,ascertain,_
_,ascribes,ascribe,_
_,asks,ask,_
_,aspirates,aspirate,_
_,aspires,aspire,_
_,assails,assail,_
_,assassinates,assassinate,_
_,assaults,assault,_
_,assays,assay,_
_,assembles,assemble,_
_,assents,assent,_
_,asserts,assert,_
_,assesses,assess,_
_,assigns,assign,_
_,assimilates,assimilate,_
_,assists,assist,_
_,associates,associate,_
_,assorts,assort,_
_,assuages,assuage,_
_,assumes,assume,_
_,assures,assure,_
_,astonishes,astonish,_
_,astounds,astound,_
_,atones,atone,_
_,attaches,attach,_
_,attacks,attack,_
_,attains,attain,_
_,attempts,attempt,_
_,attends,attend,_
_,attentions,attention,_
_,attests,attest,_
_,attracts,attract,_
_,attributes,attribute,_
_,auctions,auction,_
_,auditions,audition,_
_,audits,audit,_
_,augments,augment,_
_,authenticates,authenticate,_
_,authorizes,authorize,_
_,authors,author,_
_,autographs,autograph,_
_,automates,automate,_
_,avails,avail,_
_,avalanches,avalanche,_
_,avenges,avenge,_
_,averages,average,_
_,averts,avert,_
_,aviates,aviate,_
_,avoids,avoid,_
_,avows,avow,_
_,awaits,await,_
_,awakens,awaken,_
_,awakes,awake,_
_,awards,award,_
_,axes,ax,_
_,babbles,babble,_
_,babies,baby,_
_,backdates,backdate,_
_,backfires,backfire,_
_,backhands,backhand,_
_,backpacks,backpack,_
_,backpedals,backpedal,_
_,backs,back,_
_,backspaces,backspace,_
_,backtracks,backtrack,_
_,backwashes,backwash,_
_,badgers,badger,_
_,badmouths,badmouth,_
_,baffles,baffle,_
_,bags,bag,_
_,bails,bail,_
_,baits,bait,_
_,bakes,bake,_
_,balances,balance,_
_,bales,bale,_
_,balks,balk,_
_,balloons,balloon,_
_,ballyhooes,ballyhoo,_
_,bamboozles,bamboozle,_
_,bandages,bandage,_
_,bands,band,_
_,bangs,bang,_
_,banishes,banish,_
_,bankrolls,bankroll,_
_,bankrupts,bankrupt,_
_,banks,bank,_
_,bans,ban,_
_,banters,banter,_
_,baptizes,baptize,_
_,barbarizes,barbarize,_
_,barbecues,barbecue,_
_,bares,bare,_
_,bargains,bargain,_
_,barges,barge,_
_,barks,bark,_
_,barnstorms,barnstorm,_
_,barrages,barrage,_
_,barricades,barricade,_
_,bars,bar,_
_,barters,barter,_
_,bases,base,_
_,bashes,bash,_
_,basks,bask,_
_,bastes,baste,_
_,batches,batch,_
_,baths,bath,_
_,bats,bat,_
_,batters,batter,_
_,battles,battle,_
_,bawls,bawl,_
_,beaches,beach,_
_,beams,beam,_
_,bears,bear,_
_,beats,beat,_
_,beautifies,beautify,_
_,beckons,beckon,_
_,becomes,become,_
_,bedazzles,bedazzle,_
_,bedevils,bedevil,_
_,beefs,beef,_
_,beeps,beep,_
_,befriends,befriend,_
_,befuddles,befuddle,_
_,begins,begin,_
_,begrudges,begrudge,_
_,begs,beg,_
_,beguiles,beguile,_
_,behaves,behave,_
_,beholds,behold,_
_,behooves,behoove,_
_,belabors,belabor,_
_,belches,belch,_
_,beleaguers,beleaguer,_
_,belies,belie,_
_,believes,believe,_
_,belittles,belittle,_
_,bellows,bellow,_
_,belongs,belong,_
_,belts,belt,_
_,bemoans,bemoan,_
_,bemuses,bemuse,_
_,bends,bend,_
_,benefits,benefit,_
_,bequeaths,bequeath,_
_,berates,berate,_
_,bereaves,bereave,_
_,besets,beset,_
_,besieges,besiege,_
_,bestows,bestow,_
_,betrays,betray,_
_,bets,bet,_
_,betters,better,_
_,bewilders,bewilder,_
_,bewitches,bewitch,_
_,bides,bide,_
_,bids,bid,_
_,billows,billow,_
_,bills,bill,_
_,binds,bind,_
_,bites,bite,_
_,blabs,blab,_
_,blackens,blacken,_
_,blacklists,blacklist,_
_,blackmails,blackmail,_
_,blames,blame,_
_,blasts,blast,_
_,blazes,blaze,_
_,bleaches,bleach,_
_,bleeds,bleed,_
_,blends,blend,_
_,blesses,bless,_
_,blindfolds,blindfold,_
_,blinds,blind,_
_,blinks,blink,_
_,blisters,blister,_
_,bloats,bloat,_
_,blocks,block,_
_,bloodies,bloody,_
_,blooms,bloom,_
_,blossoms,blossom,_
_,blots,blot,_
_,blows,blow,_
_,blunders,blunder,_
_,blunts,blunt,_
_,blurs,blur,_
_,blurts,blurt,_
_,blushes,blush,_
_,boards,board,_
_,boasts,boast,_
_,bobs,bob,_
_,bodes,bode,_
_,bogs,bog,_
_,boils,boil,_
_,bolsters,bolster,_
_,bolts,bolt,_
_,bombards,bombard,_
_,bombs,bomb,_
_,bonds,bond,_
_,books,book,_
_,booms,boom,_
_,boosts,boost,_
_,boots,boot,_
_,borders,border,_
_,bores,bore,_
_,borrows,borrow,_
_,bothers,bother,_
_,bottles,bottle,_
_,bounces,bounce,_
_,bounds,bound,_
_,bowls,bowl,_
_,bows,bow,_
_,boxes,box,_
_,boycotts,boycott,_
_,braces,brace,_
_,brags,brag,_
_,braids,braid,_
_,brakes,brake,_
_,branches,branch,_
_,brands,brand,_
_,braves,brave,_
_,brazens,brazen,_
_,breaches,breach,_
_,breakfasts,breakfast,_
_,breaks,break,_
_,breathes,breathe,_
_,breeds,breed,_
_,brews,brew,_
_,bribes,bribe,_
_,bridges,bridge,_
_,briefs,brief,_
_,brightens,brighten,_
_,brings,bring,_
_,bristles,bristle,_
_,broaches,broach,_
_,broadcasts,broadcast,_
_,broadens,broaden,_
_,bronzes,bronze,_
_,broods,brood,_
_,browbeats,browbeat,_
_,bruises,bruise,_
_,brushes,brush,_
_,bubbles,bubble,_
_,buckles,buckle,_
_,bucks,buck,_
_,budges,budge,_
_,budgets,budget,_
_,buffers,buffer,_
_,buffets,buffet,_
_,bugs,bug,_
_,builds,build,_
_,bulges,bulge,_
_,bullies,bully,_
_,bumbles,bumble,_
_,bumps,bump,_
_,bunches,bunch,_
_,bundles,bundle,_
_,buoys,buoy,_
_,burdens,burden,_
_,burgles,burgle,_
_,buries,bury,_
_,burns,burn,_
_,burps,burp,_
_,burrows,burrow,_
_,bursts,burst,_
_,buses,bus,_
_,busies,busy,_
_,bustles,bustle,_
_,busts,bust,_
_,butchers,butcher,_
_,butters,butter,_
_,buttons,button,_
_,buttresses,buttress,_
_,butts,butt,_
_,buy-backs,buy-back,_
_,buys,buy,_
_,buzzes,buzz,_
_,bypasses,bypass,_
_,cackles,cackle,_
_,cages,cage,_
_,cajoles,cajole,_
_,cakes,cake,_
_,calculates,calculate,_
_,calibrates,calibrate,_
_,calls,call,_
_,calms,calm,_
_,camouflages,camouflage,_
_,campaigns,campaign,_
_,camps,camp,_
_,cancels,cancel,_
_,cans,can,_
_,canvasses,canvass,_
_,capitalizes,capitalize,_
_,capitulates,capitulate,_
_,caps,cap,_
_,capsizes,capsize,_
_,captains,captain,_
_,captivates,captivate,_
_,captures,capture,_
_,careens,careen,_
_,cares,care,_
_,caresses,caress,_
_,caricatures,caricature,_
_,carpets,carpet,_
_,carries,carry,_
_,carts,cart,_
_,carves,carve,_
_,cascades,cascade,_
_,cashes,cash,_
_,castigates,castigate,_
_,casts,cast,_
_,catalogs,catalog,_
_,catapults,catapult,_
_,catches,catch,_
_,categorizes,categorize,_
_,caters,cater,_
_,causes,cause,_
_,cautions,caution,_
_,caves,cave,_
_,ceases,cease,_
_,cedes,cede,_
_,celebrates,celebrate,_
_,cements,cement,_
_,censors,censor,_
_,censures,censure,_
_,centers,center,_
_,centralizes,centralize,_
_,certifies,certify,_
_,chains,chain,_
_,chairs,chair,_
_,challenges,challenge,_
_,champions,champion,_
_,chances,chance,_
_,changes,change,_
_,channels,channel,_
_,chants,chant,_
_,characterizes,characterize,_
_,charges,charge,_
_,charms,charm,_
_,chars,char,_
_,charters,charter,_
_,charts,chart,_
_,chases,chase,_
_,chastens,chasten,_
_,chats,chat,_
_,chatters,chatter,_
_,chauffeurs,chauffeur,_
_,cheats,cheat,_
_,checks,check,_
_,cheers,cheer,_
_,cherishes,cherish,_
_,chews,chew,_
_,chides,chide,_
_,chills,chill,_
_,chimes,chime,_
_,chips,chip,_
_,chirps,chirp,_
_,chisels,chisel,_
_,chokes,choke,_
_,chooses,choose,_
_,chops,chop,_
_,choreographs,choreograph,_
_,christens,christen,_
_,chronicles,chronicle,_
_,chuckles,chuckle,_
_,chucks,chuck,_
_,churns,churn,_
_,cinches,cinch,_
_,circles,circle,_
_,circulates,circulate,_
_,circumscribes,circumscribe,_
_,circumvents,circumvent,_
_,cites,cite,_
_,civilizes,civilize,_
_,claims,claim,_
_,clambers,clamber,_
_,clamps,clamp,_
_,claps,clap,_
_,clarifies,clarify,_
_,clashes,clash,_
_,clasps,clasp,_
_,classifies,classify,_
_,clatters,clatter,_
_,claws,claw,_
_,cleans,clean,_
_,cleanses,cleanse,_
_,clears,clear,_
_,clenches,clench,_
_,clicks,click,_
_,climbs,climb,_
_,clinches,clinch,_
_,clings,cling,_
_,clips,clip,_
_,cloaks,cloak,_
_,clobbers,clobber,_
_,clocks,clock,_
_,clogs,clog,_
_,clones,clone,_
_,closes,close,_
_,cloths,cloth,_
_,clouds,cloud,_
_,clubs,club,_
_,clusters,cluster,_
_,clutches,clutch,_
_,clutters,clutter,_
_,co-exists,co-exist,_
_,co-hosts,co-host,_
_,co-produces,co-produce,_
_,co-sponsors,co-sponsor,_
_,coaches,coach,_
_,coats,coat,_
_,coaxes,coax,_
_,cobbles,cobble,_
_,cocks,cock,_
_,codes,code,_
_,codifies,codify,_
_,coerces,coerce,_
_,coheres,cohere,_
_,coils,coil,_
_,coincides,coincide,_
_,coins,coin,_
_,collaborates,collaborate,_
_,collapses,collapse,_
_,collates,collate,_
_,collects,collect,_
_,collides,collide,_
_,colonizes,colonize,_
_,colors,color,_
_,combats,combat,_
_,combines,combine,_
_,combs,comb,_
_,comes,come,_
_,comforts,comfort,_
_,commandeers,commandeer,_
_,commands,command,_
_,commemorates,commemorate,_
_,commences,commence,_
_,commends,commend,_
_,comments,comment,_
_,commercializes,commercialize,_
_,commissions,commission,_
_,commits,commit,_
_,communicates,communicate,_
_,commutes,commute,_
_,compacts,compact,_
_,compares,compare,_
_,compels,compel,_
_,compensates,compensate,_
_,competes,compete,_
_,compiles,compile,_
_,complains,complain,_
_,complements,complement,_
_,completes,complete,_
_,complicates,complicate,_
_,complies,comply,_
_,compliments,compliment,_
_,composes,compose,_
_,compounds,compound,_
_,comprehends,comprehend,_
_,compresses,compress,_
_,comprises,comprise,_
_,compromises,compromise,_
_,computerizes,computerize,_
_,computes,compute,_
_,conceals,conceal,_
_,concedes,concede,_
_,conceives,conceive,_
_,concentrates,concentrate,_
_,conceptualizes,conceptualize,_
_,concerns,concern,_
_,concerts,concert,_
_,concludes,conclude,_
_,concocts,concoct,_
_,concurs,concur,_
_,condemns,condemn,_
_,condenses,condense,_
_,conditions,condition,_
_,condones,condone,_
_,conducts,conduct,_
_,confers,confer,_
_,confesses,confess,_
_,confides,confide,_
_,configures,configure,_
_,confines,confine,_
_,confirms,confirm,_
_,confiscates,confiscate,_
_,conflicts,conflict,_
_,conforms,conform,_
_,confounds,confound,_
_,confronts,confront,_
_,confuses,confuse,_
_,congratulates,congratulate,_
_,congregates,congregate,_
_,conjures,conjure,_
_,connects,connect,_
_,connotes,connote,_
_,conquers,conquer,_
_,cons,con,_
_,consecrates,consecrate,_
_,consents,consent,_
_,conserves,conserve,_
_,considers,consider,_
_,consigns,consign,_
_,consists,consist,_
_,consoles,console,_
_,consolidates,consolidate,_
_,conspires,conspire,_
_,constitutes,constitute,_
_,constrains,constrain,_
_,constricts,constrict,_
_,constructs,construct,_
_,construes,construe,_
_,consults,consult,_
_,consumes,consume,_
_,contacts,contact,_
_,contains,contain,_
_,contaminates,contaminate,_
_,contemplates,contemplate,_
_,contemporizes,contemporize,_
_,contends,contend,_
_,contents,content,_
_,contests,contest,_
_,continues,continue,_
_,contorts,contort,_
_,contracts,contract,_
_,contradicts,contradict,_
_,contrasts,contrast,_
_,contravenes,contravene,_
_,contributes,contribute,_
_,contrives,contrive,_
_,controls,control,_
_,convenes,convene,_
_,converges,converge,_
_,converses,converse,_
_,converts,convert,_
_,conveys,convey,_
_,convicts,convict,_
_,convinces,convince,_
_,cooks,cook,_
_,cools,cool,_
_,cooperates,cooperate,_
_,coordinates,coordinate,_
_,copes,cope,_
_,copies,copy,_
_,copyrights,copyright,_
_,corners,corner,_
_,corrals,corral,_
_,corrects,correct,_
_,correlates,correlate,_
_,corresponds,correspond,_
_,corroborates,corroborate,_
_,corrupts,corrupt,_
_,costs,cost,_
_,couches,couch,_
_,coughs,cough,_
_,counsels,counsel,_
_,countenances,countenance,_
_,counteracts,counteract,_
_,counterbalances,counterbalance,_
_,counterprograms,counterprogram,_
_,counters,counter,_
_,counts,count,_
_,courts,court,_
_,covers,cover,_
_,covets,covet,_
_,crackles,crackle,_
_,cracks,crack,_
_,cradles,cradle,_
_,crafts,craft,_
_,cramps,cramp,_
_,crams,cram,_
_,cranes,crane,_
_,cranks,crank,_
_,crashes,crash,_
_,craves,crave,_
_,crawls,crawl,_
_,creaks,creak,_
_,creases,crease,_
_,creates,create,_
_,credits,credit,_
_,creeps,creep,_
_,cremates,cremate,_
_,crests,crest,_
_,cries,cry,_
_,criminalizes,criminalize,_
_,crimps,crimp,_
_,cringes,cringe,_
_,cripples,cripple,_
_,criticizes,criticize,_
_,critiques,critique,_
_,croaks,croak,_
_,crops,crop,_
_,cross-examines,cross-examine,_
_,crosses,cross,_
_,crouches,crouch,_
_,crowds,crowd,_
_,crowns,crown,_
_,crows,crow,_
_,cruises,cruise,_
_,crumbles,crumble,_
_,crumples,crumple,_
_,crunches,crunch,_
_,crushes,crush,_
_,crystallizes,crystallize,_
_,cuddles,cuddle,_
_,cuffs,cuff,_
_,culls,cull,_
_,culminates,culminate,_
_,cultivates,cultivate,_
_,cups,cup,_
_,curbs,curb,_
_,cures,cure,_
_,curls,curl,_
_,curries,curry,_
_,curses,curse,_
_,curtails,curtail,_
_,curves,curve,_
_,cushions,cushion,_
_,customizes,customize,_
_,cuts,cut,_
_,cycles,cycle,_
_,dabbles,dabble,_
_,dabs,dab,_
_,damages,damage,_
_,dampens,dampen,_
_,damps,damp,_
_,dances,dance,_
_,dangles,dangle,_
_,dares,dare,_
_,darkens,darken,_
_,darts,dart,_
_,dashes,dash,_
_,dates,date,_
_,dawns,dawn,_
_,dazes,daze,_
_,dazzles,dazzle,_
_,deadlocks,deadlock,_
_,deals,deal,_
_,debates,debate,_
_,debits,debit,_
_,debunks,debunk,_
_,debuts,debut,_
_,decays,decay,_
_,deceives,deceive,_
_,decentralizes,decentralize,_
_,decides,decide,_
_,decimates,decimate,_
_,deciphers,decipher,_
_,decks,deck,_
_,declares,declare,_
_,declines,decline,_
_,decomposes,decompose,_
_,decorates,decorate,_
_,decreases,decrease,_
_,decrees,decree,_
_,dedicates,dedicate,_
_,deduces,deduce,_
_,deducts,deduct,_
_,deeds,deed,_
_,deems,deem,_
_,deepens,deepen,_
_,defaces,deface,_
_,defaults,default,_
_,defeats,defeat,_
_,defects,defect,_
_,defends,defend,_
_,defers,defer,_
_,defies,defy,_
_,defines,define,_
_,deflates,deflate,_
_,deflects,deflect,_
_,deforms,deform,_
_,defrauds,defraud,_
_,defrays,defray,_
_,defuses,defuse,_
_,degenerates,degenerate,_
_,degrades,degrade,_
_,dehydrates,dehydrate,_
_,delays,delay,_
_,delegates,delegate,_
_,deletes,delete,_
_,deliberates,deliberate,_
_,delights,delight,_
_,delineates,delineate,_
_,delivers,deliver,_
_,deludes,delude,_
_,delves,delve,_
_,demands,demand,_
_,demilitarizes,demilitarize,_
_,demobilizes,demobilize,_
_,democratizes,democratize,_
_,demolishes,demolish,_
_,demonstrates,demonstrate,_
_,demotes,demote,_
_,denies,deny,_
_,denominates,denominate,_
_,denotes,denote,_
_,denounces,denounce,_
_,dents,dent,_
_,denudes,denude,_
_,departs,depart,_
_,depends,depend,_
_,depicts,depict,_
_,depletes,deplete,_
_,deplores,deplore,_
_,deploys,deploy,_
_,deports,deport,_
_,deposes,depose,_
_,deposits,deposit,_
_,deprecates,deprecate,_
_,depresses,depress,_
_,deprives,deprive,_
_,derails,derail,_
_,deregulates,deregulate,_
_,derides,deride,_
_,derives,derive,_
_,descends,descend,_
_,describes,describe,_
_,deserts,desert,_
_,deserves,deserve,_
_,designates,designate,_
_,designs,design,_
_,desires,desire,_
_,desists,desist,_
_,despairs,despair,_
_,despises,despise,_
_,destabilizes,destabilize,_
_,destroys,destroy,_
_,detaches,detach,_
_,details,detail,_
_,detains,detain,_
_,detects,detect,_
_,deteriorates,deteriorate,_
_,determines,determine,_
_,deters,deter,_
_,detests,detest,_
_,detonates,detonate,_
_,detracts,detract,_
_,devalues,devalue,_
_,devastates,devastate,_
_,develops,develop,_
_,deviates,deviate,_
_,devises,devise,_
_,devolves,devolve,_
_,devotes,devote,_
_,devours,devour,_
_,diagnoses,diagnose,_
_,dials,dial,_
_,dices,dice,_
_,dictates,dictate,_
_,dies,die,_
_,differentiates,differentiate,_
_,differs,differ,_
_,diffuses,diffuse,_
_,digests,digest,_
_,dignifies,dignify,_
_,digs,dig,_
_,dilapidates,dilapidate,_
_,dilates,dilate,_
_,dilutes,dilute,_
_,diminishes,diminish,_
_,dims,dim,_
_,dines,dine,_
_,dips,dip,_
_,directs,direct,_
_,disables,disable,_
_,disadvantages,disadvantage,_
_,disagrees,disagree,_
_,disallows,disallow,_
_,disappears,disappear,_
_,disappoints,disappoint,_
_,disapproves,disapprove,_
_,disarms,disarm,_
_,disassembles,disassemble,_
_,disassociates,disassociate,_
_,disbands,disband,_
_,discards,discard,_
_,discerns,discern,_
_,discharges,discharge,_
_,disciplines,discipline,_
_,discloses,disclose,_
_,discomfits,discomfit,_
_,disconcerts,disconcert,_
_,disconnects,disconnect,_
_,discontinues,discontinue,_
_,discounts,discount,_
_,discourages,discourage,_
_,discovers,discover,_
_,discredits,discredit,_
_,discriminates,discriminate,_
_,discusses,discuss,_
_,disdains,disdain,_
_,disembarks,disembark,_
_,disengages,disengage,_
_,disfigures,disfigure,_
_,disgraces,disgrace,_
_,disgruntles,disgruntle,_
_,disguises,disguise,_
_,disgusts,disgust,_
_,dishes,dish,_
_,dishevels,dishevel,_
_,dishonors,dishonor,_
_,disillusions,disillusion,_
_,disintegrates,disintegrate,_
_,disinterests,disinterest,_
_,dislikes,dislike,_
_,dislocates,dislocate,_
_,dislodges,dislodge,_
_,dismantles,dismantle,_
_,dismays,dismay,_
_,dismembers,dismember,_
_,dismisses,dismiss,_
_,dismounts,dismount,_
_,disobeys,disobey,_
_,disorders,disorder,_
_,disorientates,disorientate,_
_,disowns,disown,_
_,disparages,disparage,_
_,dispatches,dispatch,_
_,dispels,dispel,_
_,dispenses,dispense,_
_,disperses,disperse,_
_,displaces,displace,_
_,displays,display,_
_,displeases,displease,_
_,disposes,dispose,_
_,dispossesses,dispossess,_
_,disproves,disprove,_
_,disputes,dispute,_
_,disqualifies,disqualify,_
_,disregards,disregard,_
_,disrespects,disrespect,_
_,disrupts,disrupt,_
_,dissatisfies,dissatisfy,_
_,dissects,dissect,_
_,disseminates,disseminate,_
_,dissipates,dissipate,_
_,dissociates,dissociate,_
_,dissolves,dissolve,_
_,dissuades,dissuade,_
_,distains,distain,_
_,distances,distance,_
_,distills,distill,_
_,distinguishes,distinguish,_
_,distorts,distort,_
_,distracts,distract,_
_,distresses,distress,_
_,distributes,distribute,_
_,distrusts,distrust,_
_,disturbs,disturb,_
_,ditches,ditch,_
_,diverges,diverge,_
_,diversifies,diversify,_
_,diverts,divert,_
_,dives,dive,_
_,divests,divest,_
_,divides,divide,_
_,divorces,divorce,_
_,divulges,divulge,_
_,docks,dock,_
_,doctors,doctor,_
_,documents,document,_
_,dodges,dodge,_
_,does,do,_
_,dogs,dog,_
_,doles,dole,_
_,domesticates,domesticate,_
_,dominates,dominate,_
_,donates,donate,_
_,dons,don,_
_,dooms,doom,_
_,dotes,dote,_
_,dots,dot,_
_,doubles,double,_
_,doubts,doubt,_
_,douses,douse,_
_,downgrades,downgrade,_
_,downloads,download,_
_,downs,down,_
_,downsizes,downsize,_
_,dozes,doze,_
_,drafts,draft,_
_,drags,drag,_
_,drains,drain,_
_,dramatizes,dramatize,_
_,drapes,drape,_
_,drawls,drawl,_
_,draws,draw,_
_,dreads,dread,_
_,dreams,dream,_
_,dredges,dredge,_
_,drenches,drench,_
_,dresses,dress,_
_,dribbles,dribble,_
_,dries,dry,_
_,drifts,drift,_
_,drills,drill,_
_,drinks,drink,_
_,drips,drip,_
_,drives,drive,_
_,drones,drone,_
_,droops,droop,_
_,drops,drop,_
_,drowns,drown,_
_,drums,drum,_
_,dubs,dub,_
_,ducks,duck,_
_,dulls,dull,_
_,dumps,dump,_
_,dupes,dupe,_
_,duplicates,duplicate,_
_,dusts,dust,_
_,dwarfs,dwarf,_
_,dwells,dwell,_
_,dwindles,dwindle,_
_,dyes,dye,_
_,earmarks,earmark,_
_,earns,earn,_
_,eases,ease,_
_,eats,eat,_
_,eavesdrops,eavesdrop,_
_,ebbs,ebb,_
_,echoes,echo,_
_,eclipses,eclipse,_
_,economizes,economize,_
_,edges,edge,_
_,edits,edit,_
_,educates,educate,_
_,effaces,efface,_
_,effects,effect,_
_,ejects,eject,_
_,elaborates,elaborate,_
_,elapses,elapse,_
_,elates,elate,_
_,elbows,elbow,_
_,electrifies,electrify,_
_,elects,elect,_
_,elevates,elevate,_
_,elicits,elicit,_
_,eliminates,eliminate,_
_,elongates,elongate,_
_,eludes,elude,_
_,emaciates,emaciate,_
_,emanates,emanate,_
_,emasculates,emasculate,_
_,embarks,embark,_
_,embarrasses,embarrass,_
_,embeds,embed,_
_,embellishes,embellish,_
_,embodies,embody,_
_,emboldens,embolden,_
_,embosses,emboss,_
_,embraces,embrace,_
_,embroiders,embroider,_
_,emends,emend,_
_,emerges,emerge,_
_,emigrates,emigrate,_
_,emits,emit,_
_,emotes,emote,_
_,empathizes,empathize,_
_,emphasizes,emphasize,_
_,emphaticizes,emphaticize,_
_,employs,employ,_
_,empowers,empower,_
_,empties,empty,_
_,emulates,emulate,_
_,enables,enable,_
_,enacts,enact,_
_,encapsulates,encapsulate,_
_,encases,encase,_
_,enchants,enchant,_
_,encloses,enclose,_
_,encodes,encode,_
_,encompasses,encompass,_
_,encounters,encounter,_
_,encourages,encourage,_
_,encroaches,encroach,_
_,endangers,endanger,_
_,endears,endear,_
_,endeavors,endeavor,_
_,endorses,endorse,_
_,endows,endow,_
_,ends,end,_
_,endures,endure,_
_,enforces,enforce,_
_,engages,engage,_
_,engenders,engender,_
_,engineers,engineer,_
_,engraves,engrave,_
_,engrosses,engross,_
_,engulfs,engulf,_
_,enhances,enhance,_
_,enjoins,enjoin,_
_,enjoys,enjoy,_
_,enlarges,enlarge,_
_,enlightens,enlighten,_
_,enlists,enlist,_
_,enlivens,enliven,_
_,enmeshes,enmesh,_
_,enquires,enquire,_
_,enrages,enrage,_
_,enriches,enrich,_
_,enrolls,enroll,_
_,enshrines,enshrine,_
_,ensnares,ensnare,_
_,ensues,ensue,_
_,ensures,ensure,_
_,entails,entail,_
_,entangles,entangle,_
_,enters,enter,_
_,entertains,entertain,_
_,entices,entice,_
_,entitles,entitle,_
_,entrenches,entrench,_
_,entrusts,entrust,_
_,enumerates,enumerate,_
_,enunciates,enunciate,_
_,envelops,envelop,_
_,envies,envy,_
_,envisions,envision,_
_,epitomizes,epitomize,_
_,equalizes,equalize,_
_,equals,equal,_
_,equates,equate,_
_,equips,equip,_
_,eradicates,eradicate,_
_,erases,erase,_
_,erects,erect,_
_,erodes,erode,_
_,errs,err,_
_,erupts,erupt,_
_,escalates,escalate,_
_,escapes,escape,_
_,eschews,eschew,_
_,escorts,escort,_
_,espouses,espouse,_
_,establishes,establish,_
_,esteems,esteem,_
_,estimates,estimate,_
_,estranges,estrange,_
_,etches,etch,_
_,evacuates,evacuate,_
_,evades,evade,_
_,evaluates,evaluate,_
_,evaporates,evaporate,_
_,evens,even,_
_,evicts,evict,_
_,evidences,evidence,_
_,evinces,evince,_
_,evokes,evoke,_
_,evolves,evolve,_
_,exacerbates,exacerbate,_
_,exacts,exact,_
_,exaggerates,exaggerate,_
_,exalts,exalt,_
_,examines,examine,_
_,exasperates,exasperate,_
_,excavates,excavate,_
_,exceeds,exceed,_
_,excels,excel,_
_,excepts,except,_
_,exchanges,exchange,_
_,excises,excise,_
_,excites,excite,_
_,exclaims,exclaim,_
_,excludes,exclude,_
_,excorciates,excorciate,_
_,excretes,excrete,_
_,excuses,excuse,_
_,executes,execute,_
_,exemplifies,exemplify,_
_,exempts,exempt,_
_,exercises,exercise,_
_,exerts,exert,_
_,exhales,exhale,_
_,exhausts,exhaust,_
_,exhibits,exhibit,_
_,exhilarates,exhilarate,_
_,exhorts,exhort,_
_,exiles,exile,_
_,exists,exist,_
_,exits,exit,_
_,exorcises,exorcise,_
_,expands,expand,_
_,expects,expect,_
_,expedites,expedite,_
_,expels,expel,_
_,expends,expend,_
_,experiences,experience,_
_,experiments,experiment,_
_,expires,expire,_
_,explains,explain,_
_,explodes,explode,_
_,exploits,exploit,_
_,explores,explore,_
_,exports,export,_
_,exposes,expose,_
_,expounds,expound,_
_,expresses,express,_
_,expunges,expunge,_
_,extends,extend,_
_,extinguishes,extinguish,_
_,extorts,extort,_
_,extracts,extract,_
_,extradites,extradite,_
_,extricates,extricate,_
_,eyes,eye,_
_,fabricates,fabricate,_
_,faces,face,_
_,facilitates,facilitate,_
_,factors,factor,_
_,fades,fade,_
_,fails,fail,_
_,faints,faint,_
_,fakes,fake,_
_,falls,fall,_
_,falsifies,falsify,_
_,falters,falter,_
_,familiarizes,familiarize,_
_,fancies,fancy,_
_,fans,fan,_
_,fantasizes,fantasize,_
_,fares,fare,_
_,farms,farm,_
_,fascinates,fascinate,_
_,fashions,fashion,_
_,fastens,fasten,_
_,fathoms,fathom,_
_,fatigues,fatigue,_
_,faults,fault,_
_,favors,favor,_
_,faxes,fax,_
_,fears,fear,_
_,feathers,feather,_
_,features,feature,_
_,federates,federate,_
_,feeds,feed,_
_,feels,feel,_
_,feigns,feign,_
_,fells,fell,_
_,fences,fence,_
_,fends,fend,_
_,ferments,ferment,_
_,ferrets,ferret,_
_,ferries,ferry,_
_,fertilizes,fertilize,_
_,festers,fester,_
_,fetches,fetch,_
_,fiddles,fiddle,_
_,fidgets,fidget,_
_,fields,field,_
_,fights,fight,_
_,figures,figure,_
_,files,file,_
_,fills,fill,_
_,films,film,_
_,filters,filter,_
_,finalizes,finalize,_
_,finances,finance,_
_,finds,find,_
_,fine-tunines,fine-tune,_
_,fines,fine,_
_,fingers,finger,_
_,finishes,finish,_
_,fires,fire,_
_,firms,firm,_
_,fishes,fish,_
_,fits,fit,_
_,fixes,fix,_
_,flags,flag,_
_,flames,flame,_
_,flanks,flank,_
_,flaps,flap,_
_,flares,flare,_
_,flashes,flash,_
_,flattens,flatten,_
_,flatters,flatter,_
_,flaunts,flaunt,_
_,flavors,flavor,_
_,flaws,flaw,_
_,flays,flay,_
_,flees,flee,_
_,flexes,flex,_
_,flickers,flicker,_
_,flicks,flick,_
_,flies,fly,_
_,flinches,flinch,_
_,flings,fling,_
_,flips,flip,_
_,flirts,flirt,_
_,flits,flit,_
_,floats,float,_
_,flocks,flock,_
_,flogs,flog,_
_,floods,flood,_
_,floors,floor,_
_,flops,flop,_
_,flounders,flounder,_
_,flourishes,flourish,_
_,flouts,flout,_
_,flowers,flower,_
_,flows,flow,_
_,fluctuates,fluctuate,_
_,flushes,flush,_
_,flusters,fluster,_
_,flutters,flutter,_
_,focuses,focus,_
_,fogs,fog,_
_,foils,foil,_
_,folds,fold,_
_,follows,follow,_
_,fools,fool,_
_,foots,foot,_
_,forbids,forbid,_
_,forces,force,_
_,fords,ford,_
_,forecasts,forecast,_
_,foresees,foresee,_
_,foreshadows,foreshadow,_
_,foretells,foretell,_
_,forfeits,forfeit,_
_,forges,forge,_
_,forgets,forget,_
_,forgives,forgive,_
_,forgoes,forgo,_
_,forks,fork,_
_,formalizes,formalize,_
_,formats,format,_
_,forms,form,_
_,formulates,formulate,_
_,forsakes,forsake,_
_,fortifies,fortify,_
_,forwards,forward,_
_,fosters,foster,_
_,fouls,foul,_
_,founds,found,_
_,fractures,fracture,_
_,fragments,fragment,_
_,frames,frame,_
_,franchises,franchise,_
_,frees,free,_
_,freezes,freeze,_
_,freights,freight,_
_,frequents,frequent,_
_,frets,fret,_
_,fries,fry,_
_,frightens,frighten,_
_,frolics,frolic,_
_,fronts,front,_
_,frosts,frost,_
_,frowns,frown,_
_,frustrates,frustrate,_
_,fudges,fudge,_
_,fuels,fuel,_
_,fulfills,fulfill,_
_,fumbles,fumble,_
_,fumes,fume,_
_,functions,function,_
_,funds,fund,_
_,funnels,funnel,_
_,furnishes,furnish,_
_,furrows,furrow,_
_,furthers,further,_
_,fusses,fuss,_
_,gags,gag,_
_,gains,gain,_
_,gallops,gallop,_
_,galvanizes,galvanize,_
_,gambles,gamble,_
_,gardens,garden,_
_,garners,garner,_
_,garnishes,garnish,_
_,gasps,gasp,_
_,gathers,gather,_
_,gauges,gauge,_
_,gazes,gaze,_
_,gears,gear,_
_,genders,gender,_
_,generalizes,generalize,_
_,generates,generate,_
_,gestures,gesture,_
_,gets,get,_
_,gifts,gift,_
_,giggles,giggle,_
_,gilds,gild,_
_,gives,give,_
_,glamorizes,glamorize,_
_,glances,glance,_
_,glares,glare,_
_,glazes,glaze,_
_,gleams,gleam,_
_,gleans,glean,_
_,glides,glide,_
_,glimpses,glimpse,_
_,glistens,glisten,_
_,glitters,glitter,_
_,gloats,gloat,_
_,glorifies,glorify,_
_,glosses,gloss,_
_,glows,glow,_
_,glues,glue,_
_,gluts,glut,_
_,gnaws,gnaw,_
_,goads,goad,_
_,gobbles,gobble,_
_,goes,go,_
_,gons,gon,_
_,gores,gore,_
_,gossips,gossip,_
_,gouges,gouge,_
_,governs,govern,_
_,grabs,grab,_
_,graces,grace,_
_,grades,grade,_
_,graduates,graduate,_
_,grafts,graft,_
_,grants,grant,_
_,grapples,grapple,_
_,grasps,grasp,_
_,grates,grate,_
_,gratifies,gratify,_
_,grazes,graze,_
_,greases,grease,_
_,greets,greet,_
_,grieves,grieve,_
_,grills,grill,_
_,grimaces,grimace,_
_,grinds,grind,_
_,grins,grin,_
_,gripes,gripe,_
_,grips,grip,_
_,grits,grit,_
_,groans,groan,_
_,grooms,groom,_
_,gropes,grope,_
_,grounds,ground,_
_,groups,group,_
_,growls,growl,_
_,grows,grow,_
_,growths,growth,_
_,grumbles,grumble,_
_,grunts,grunt,_
_,guarantees,guarantee,_
_,guards,guard,_
_,guesses,guess,_
_,guides,guide,_
_,gulps,gulp,_
_,gushes,gush,_
_,guts,gut,_
_,guzzles,guzzle,_
_,hacks,hack,_
_,hails,hail,_
_,halts,halt,_
_,halves,halve,_
_,hammers,hammer,_
_,hampers,hamper,_
_,handcuffs,handcuff,_
_,handicaps,handicap,_
_,handles,handle,_
_,hands,hand,_
_,handwrites,handwrite,_
_,hangs,hang,_
_,happens,happen,_
_,harasses,harass,_
_,harbors,harbor,_
_,hardens,harden,_
_,harms,harm,_
_,harnesses,harness,_
_,harvests,harvest,_
_,hastens,hasten,_
_,hatches,hatch,_
_,hates,hate,_
_,hauls,haul,_
_,haunts,haunt,_
_,haves,have,_
_,headlines,headline,_
_,heads,head,_
_,heals,heal,_
_,heaps,heap,_
_,hears,hear,_
_,heats,heat,_
_,heaves,heave,_
_,heckles,heckle,_
_,hedges,hedge,_
_,heeds,heed,_
_,heightens,heighten,_
_,helps,help,_
_,hems,hem,_
_,heralds,herald,_
_,herds,herd,_
_,hesitates,hesitate,_
_,hides,hide,_
_,highlights,highlight,_
_,hijacks,hijack,_
_,hinders,hinder,_
_,hinges,hinge,_
_,hints,hint,_
_,hires,hire,_
_,hisses,hiss,_
_,hitches,hitch,_
_,hits,hit,_
_,hobbles,hobble,_
_,hoes,hoe,_
_,hoists,hoist,_
_,holds,hold,_
_,holes,hole,_
_,hollers,holler,_
_,hollows,hollow,_
_,homers,homer,_
_,hones,hone,_
_,honors,honor,_
_,hooks,hook,_
_,hoots,hoot,_
_,hopes,hope,_
_,hops,hop,_
_,horrifies,horrify,_
_,hospitalizes,hospitalize,_
_,hosts,host,_
_,hounds,hound,_
_,houses,house,_
_,hovers,hover,_
_,howls,howl,_
_,huddles,huddle,_
_,hugs,hug,_
_,humbles,humble,_
_,humiliates,humiliate,_
_,hums,hum,_
_,hunches,hunch,_
_,hunts,hunt,_
_,hurls,hurl,_
_,hurries,hurry,_
_,hurtles,hurtle,_
_,hurts,hurt,_
_,hushes,hush,_
_,hustles,hustle,_
_,hypnotizes,hypnotize,_
_,hypothesizes,hypothesize,_
_,ices,ice,_
_,idealizes,idealize,_
_,identifies,identify,_
_,idles,idle,_
_,ignites,ignite,_
_,ignores,ignore,_
_,illuminates,illuminate,_
_,illustrates,illustrate,_
_,imagines,imagine,_
_,imitates,imitate,_
_,immerses,immerse,_
_,immortalizes,immortalize,_
_,impacts,impact,_
_,impairs,impair,_
_,impales,impale,_
_,imparts,impart,_
_,impeaches,impeach,_
_,impedes,impede,_
_,impels,impel,_
_,impinges,impinge,_
_,implants,implant,_
_,implements,implement,_
_,implicates,implicate,_
_,implies,imply,_
_,implores,implore,_
_,imports,import,_
_,imposes,impose,_
_,impounds,impound,_
_,impoverishes,impoverish,_
_,impresses,impress,_
_,imprints,imprint,_
_,imprisons,imprison,_
_,improves,improve,_
_,improvises,improvise,_
_,impugns,impugn,_
_,imputes,impute,_
_,inaugurates,inaugurate,_
_,incapacitates,incapacitate,_
_,incarcerates,incarcerate,_
_,incenses,incense,_
_,inches,inch,_
_,inclines,incline,_
_,includes,include,_
_,incorporates,incorporate,_
_,increaseds,increased,_
_,increases,increase,_
_,incubates,incubate,_
_,incurs,incur,_
_,indebts,indebt,_
_,indemnifies,indemnify,_
_,indents,indent,_
_,indexes,index,_
_,indicates,indicate,_
_,indicts,indict,_
_,individualizes,individualize,_
_,induces,induce,_
_,indulges,indulge,_
_,industrializes,industrialize,_
_,infects,infect,_
_,infers,infer,_
_,infests,infest,_
_,infiltrates,infiltrate,_
_,inflames,inflame,_
_,inflates,inflate,_
_,inflicts,inflict,_
_,influences,influence,_
_,informs,inform,_
_,infringes,infringe,_
_,infuriates,infuriate,_
_,infuses,infuse,_
_,ingests,ingest,_
_,ingrains,ingrain,_
_,ingratiates,ingratiate,_
_,inhabits,inhabit,_
_,inhales,inhale,_
_,inherits,inherit,_
_,inhibits,inhibit,_
_,initials,initial,_
_,initiates,initiate,_
_,injects,inject,_
_,injures,injure,_
_,inlays,inlay,_
_,innovates,innovate,_
_,inquires,inquire,_
_,inscribes,inscribe,_
_,inserts,insert,_
_,insinuates,insinuate,_
_,insists,insist,_
_,inspects,inspect,_
_,inspires,inspire,_
_,installs,install,_
_,instigates,instigate,_
_,instills,instill,_
_,institutes,institute,_
_,institutionalizes,institutionalize,_
_,instructs,instruct,_
_,insulates,insulate,_
_,insults,insult,_
_,insures,insure,_
_,integrates,integrate,_
_,intends,intend,_
_,intensifies,intensify,_
_,intercepts,intercept,_
_,interchanges,interchange,_
_,interconnects,interconnect,_
_,interests,interest,_
_,interferes,interfere,_
_,interjects,interject,_
_,interlaces,interlace,_
_,internalizes,internalize,_
_,interns,intern,_
_,interprets,interpret,_
_,interrelates,interrelate,_
_,interrogates,interrogate,_
_,interrupts,interrupt,_
_,intersperses,intersperse,_
_,intertwines,intertwine,_
_,intervenes,intervene,_
_,interviews,interview,_
_,intimates,intimate,_
_,intimidates,intimidate,_
_,intoxicates,intoxicate,_
_,intrigues,intrigue,_
_,introduces,introduce,_
_,intrudes,intrude,_
_,inundates,inundate,_
_,invades,invade,_
_,invalidates,invalidate,_
_,inventories,inventory,_
_,invents,invent,_
_,inverts,invert,_
_,investigates,investigate,_
_,invests,invest,_
_,invites,invite,_
_,invokes,invoke,_
_,involves,involve,_
_,irks,irk,_
_,irons,iron,_
_,irradiates,irradiate,_
_,irritates,irritate,_
_,is,are,_
_,isolates,isolate,_
_,issues,issue,_
_,itches,itch,_
_,itemizes,itemize,_
_,jabs,jab,_
_,jacks,jack,_
_,jails,jail,_
_,jams,jam,_
_,jars,jar,_
_,jeers,jeer,_
_,jeopardizes,jeopardize,_
_,jerks,jerk,_
_,jettisons,jettison,_
_,jogs,jog,_
_,joins,join,_
_,jokes,joke,_
_,jolts,jolt,_
_,jostles,jostle,_
_,journeys,journey,_
_,judges,judge,_
_,juggles,juggle,_
_,jumbles,jumble,_
_,jumps,jump,_
_,junks,junk,_
_,justifies,justify,_
_,juxtaposes,juxtapose,_
_,keens,keen,_
_,keeps,keep,_
_,keys,key,_
_,kicks,kick,_
_,kidnaps,kidnap,_
_,kids,kid,_
_,kills,kill,_
_,kisses,kiss,_
_,kneels,kneel,_
_,knights,knight,_
_,knits,knit,_
_,knocks,knock,_
_,knots,knot,_
_,knows,know,_
_,kowtows,kowtow,_
_,labels,label,_
_,labors,labor,_
_,laces,lace,_
_,lacks,lack,_
_,lags,lag,_
_,laments,lament,_
_,laminates,laminate,_
_,lands,land,_
_,landscapes,landscape,_
_,languishes,languish,_
_,laps,lap,_
_,lapses,lapse,_
_,lashes,lash,_
_,lasts,last,_
_,latches,latch,_
_,lauds,laud,_
_,laughs,laugh,_
_,launches,launch,_
_,launders,launder,_
_,lavishes,lavish,_
_,layers,layer,_
_,lays,lay,_
_,leaches,leach,_
_,leads,lead,_
_,leaks,leak,_
_,leans,lean,_
_,leapfrogs,leapfrog,_
_,leaps,leap,_
_,learns,learn,_
_,leases,lease,_
_,leaves,leave,_
_,lectures,lecture,_
_,leers,leer,_
_,legalizes,legalize,_
_,legislates,legislate,_
_,legitimizes,legitimize,_
_,lends,lend,_
_,lengthens,lengthen,_
_,lessens,lessen,_
_,lets,let,_
_,levels,level,_
_,leverages,leverage,_
_,levies,levy,_
_,liberalizes,liberalize,_
_,liberates,liberate,_
_,licenses,license,_
_,licks,lick,_
_,lies,lie,_
_,lifts,lift,_
_,lightens,lighten,_
_,lights,light,_
_,likens,liken,_
_,likes,like,_
_,limits,limit,_
_,limps,limp,_
_,lines,line,_
_,lingers,linger,_
_,links,link,_
_,liquefies,liquefy,_
_,liquidates,liquidate,_
_,listens,listen,_
_,lists,list,_
_,litigates,litigate,_
_,litters,litter,_
_,lives,live,_
_,loads,load,_
_,loans,loan,_
_,loaths,loath,_
_,lobbies,lobby,_
_,lobs,lob,_
_,localizes,localize,_
_,locates,locate,_
_,locks,lock,_
_,lodges,lodge,_
_,logs,log,_
_,longs,long,_
_,looks,look,_
_,looms,loom,_
_,loops,loop,_
_,loosens,loosen,_
_,looses,loose,_
_,loots,loot,_
_,loses,lose,_
_,lounges,lounge,_
_,loves,love,_
_,lowers,lower,_
_,lulls,lull,_
_,lumbers,lumber,_
_,lumps,lump,_
_,lunches,lunch,_
_,lunges,lunge,_
_,lurches,lurch,_
_,lures,lure,_
_,lurks,lurk,_
_,magnifies,magnify,_
_,mails,mail,_
_,maims,maim,_
_,maintains,maintain,_
_,makes,make,_
_,manages,manage,_
_,mandates,mandate,_
_,maneuvers,maneuver,_
_,mangles,mangle,_
_,manicures,manicure,_
_,manifests,manifest,_
_,manipulates,manipulate,_
_,mans,man,_
_,manufactures,manufacture,_
_,maps,map,_
_,marches,march,_
_,marginalizes,marginalize,_
_,markets,market,_
_,marks,mark,_
_,maroons,maroon,_
_,marries,marry,_
_,marshals,marshal,_
_,marvels,marvel,_
_,mashes,mash,_
_,masks,mask,_
_,massacres,massacre,_
_,massages,massage,_
_,masses,mass,_
_,masterminds,mastermind,_
_,masters,master,_
_,matches,match,_
_,materializes,materialize,_
_,matters,matter,_
_,matures,mature,_
_,mauls,maul,_
_,maximizes,maximize,_
_,meanders,meander,_
_,means,mean,_
_,measures,measure,_
_,meddles,meddle,_
_,mediates,mediate,_
_,meets,meet,_
_,melds,meld,_
_,mellows,mellow,_
_,melts,melt,_
_,memorizes,memorize,_
_,mends,mend,_
_,mentions,mention,_
_,mentors,mentor,_
_,merges,merge,_
_,merits,merit,_
_,meshes,mesh,_
_,mesmerizes,mesmerize,_
_,messes,mess,_
_,migrates,migrate,_
_,militates,militate,_
_,milks,milk,_
_,mills,mill,_
_,mimics,mimic,_
_,minces,mince,_
_,minds,mind,_
_,mines,mine,_
_,mingles,mingle,_
_,minimizes,minimize,_
_,mints,mint,_
_,mirrors,mirror,_
_,misinterprets,misinterpret,_
_,misjudges,misjudge,_
_,mislays,mislay,_
_,misleads,mislead,_
_,misplaces,misplace,_
_,misrepresents,misrepresent,_
_,misses,miss,_
_,misspeaks,misspeak,_
_,misspells,misspell,_
_,mistakes,mistake,_
_,mistreats,mistreat,_
_,misuses,misuse,_
_,mitigates,mitigate,_
_,mixes,mix,_
_,moans,moan,_
_,mobilizes,mobilize,_
_,mobs,mob,_
_,mocks,mock,_
_,models,model,_
_,moderates,moderate,_
_,modernizes,modernize,_
_,modifies,modify,_
_,modulates,modulate,_
_,moistens,moisten,_
_,molds,mold,_
_,mollifies,mollify,_
_,monitors,monitor,_
_,monopolizes,monopolize,_
_,moors,moor,_
_,mopes,mope,_
_,mops,mop,_
_,mortgages,mortgage,_
_,mortifies,mortify,_
_,motions,motion,_
_,motivates,motivate,_
_,motorizes,motorize,_
_,mounts,mount,_
_,mourns,mourn,_
_,mouths,mouth,_
_,moves,move,_
_,mows,mow,_
_,muddles,muddle,_
_,muffles,muffle,_
_,mugs,mug,_
_,mulls,mull,_
_,multiplies,multiply,_
_,mumbles,mumble,_
_,murders,murder,_
_,murmurs,murmur,_
_,muscles,muscle,_
_,muses,muse,_
_,musters,muster,_
_,mutates,mutate,_
_,mutes,mute,_
_,mutilates,mutilate,_
_,mutters,mutter,_
_,mystifies,mystify,_
_,nabs,nab,_
_,nags,nag,_
_,nails,nail,_
_,names,name,_
_,narrates,narrate,_
_,narrows,narrow,_
_,nationalizes,nationalize,_
_,navigates,navigate,_
_,naysays,naysay,_
_,nears,near,_
_,necessitates,necessitate,_
_,needles,needle,_
_,needs,need,_
_,negates,negate,_
_,neglects,neglect,_
_,negotiates,negotiate,_
_,nestles,nestle,_
_,nests,nest,_
_,nets,net,_
_,networks,network,_
_,neutralizes,neutralize,_
_,nibbles,nibble,_
_,nicknames,nickname,_
_,nicks,nick,_
_,nips,nip,_
_,nods,nod,_
_,nominates,nominate,_
_,normalizes,normalize,_
_,noses,nose,_
_,notches,notch,_
_,notes,note,_
_,notices,notice,_
_,notifies,notify,_
_,nudges,nudge,_
_,nullifies,nullify,_
_,numbers,number,_
_,numbs,numb,_
_,nurses,nurse,_
_,nurtures,nurture,_
_,nuzzles,nuzzle,_
_,obeys,obey,_
_,obfuscates,obfuscate,_
_,objects,object,_
_,obliges,oblige,_
_,obliterates,obliterate,_
_,obscures,obscure,_
_,observes,observe,_
_,obsesses,obsess,_
_,obstructs,obstruct,_
_,obtains,obtain,_
_,obviates,obviate,_
_,occasions,occasion,_
_,occupies,occupy,_
_,occurs,occur,_
_,offends,offend,_
_,offers,offer,_
_,officiates,officiate,_
_,offsets,offset,_
_,oils,oil,_
_,omits,omit,_
_,oozes,ooze,_
_,opens,open,_
_,operates,operate,_
_,opposes,oppose,_
_,oppresses,oppress,_
_,optimizes,optimize,_
_,opts,opt,_
_,orchestrates,orchestrate,_
_,ordains,ordain,_
_,orders,order,_
_,organizes,organize,_
_,orientates,orientate,_
_,originates,originate,_
_,ousts,oust,_
_,out-smarts,out-smart,_
_,out-trades,out-trade,_
_,outclasses,outclass,_
_,outfits,outfit,_
_,outflanks,outflank,_
_,outflies,outfly,_
_,outlasts,outlast,_
_,outlaws,outlaw,_
_,outlines,outline,_
_,outlives,outlive,_
_,outnumbers,outnumber,_
_,outpaces,outpace,_
_,outperforms,outperform,_
_,outrages,outrage,_
_,outruns,outrun,_
_,outsells,outsell,_
_,outshines,outshine,_
_,outstretches,outstretch,_
_,outstrips,outstrip,_
_,outweighs,outweigh,_
_,overbids,overbid,_
_,overcomes,overcome,_
_,overcrowds,overcrowd,_
_,overdoes,overdo,_
_,overeats,overeat,_
_,overemphasizes,overemphasize,_
_,overestimates,overestimate,_
_,overflows,overflow,_
_,overhauls,overhaul,_
_,overhears,overhear,_
_,overheats,overheat,_
_,overlaps,overlap,_
_,overloads,overload,_
_,overlooks,overlook,_
_,overpowers,overpower,_
_,overpurchases,overpurchase,_
_,overreacts,overreact,_
_,overrides,override,_
_,overrules,overrule,_
_,oversees,oversee,_
_,overshadows,overshadow,_
_,oversleeps,oversleep,_
_,overstates,overstate,_
_,overtakes,overtake,_
_,overthrows,overthrow,_
_,overturns,overturn,_
_,overwhelms,overwhelm,_
_,owes,owe,_
_,owns,own,_
_,paces,pace,_
_,packages,package,_
_,packs,pack,_
_,paddles,paddle,_
_,pads,pad,_
_,pages,page,_
_,paints,paint,_
_,pairs,pair,_
_,pales,pale,_
_,palms,palm,_
_,pampers,pamper,_
_,panels,panel,_
_,panics,panic,_
_,pans,pan,_
_,pants,pant,_
_,parachutes,parachute,_
_,parades,parade,_
_,parallels,parallel,_
_,paralyzes,paralyze,_
_,parcels,parcel,_
_,pardons,pardon,_
_,pares,pare,_
_,parks,park,_
_,parleys,parley,_
_,parodies,parody,_
_,parries,parry,_
_,parrots,parrot,_
_,partakes,partake,_
_,participates,participate,_
_,partitions,partition,_
_,partners,partner,_
_,parts,part,_
_,passes,pass,_
_,pastes,paste,_
_,patches,patch,_
_,patents,patent,_
_,patrols,patrol,_
_,patronizes,patronize,_
_,pats,pat,_
_,patterns,pattern,_
_,pauses,pause,_
_,paves,pave,_
_,paws,paw,_
_,pays,pay,_
_,peaks,peak,_
_,pecks,peck,_
_,pedals,pedal,_
_,peddles,peddle,_
_,peels,peel,_
_,peeps,peep,_
_,peers,peer,_
_,pegs,peg,_
_,pelts,pelt,_
_,penalizes,penalize,_
_,pencils,pencil,_
_,penetrates,penetrate,_
_,peppers,pepper,_
_,perceives,perceive,_
_,perches,perch,_
_,perfects,perfect,_
_,performs,perform,_
_,perfumes,perfume,_
_,perishes,perish,_
_,permeates,permeate,_
_,permits,permit,_
_,perpetrates,perpetrate,_
_,perpetuates,perpetuate,_
_,perplexes,perplex,_
_,persecutes,persecute,_
_,perseveres,persevere,_
_,persists,persist,_
_,personalizes,personalize,_
_,personifies,personify,_
_,persuades,persuade,_
_,perturbs,perturb,_
_,peruses,peruse,_
_,pervades,pervade,_
_,pesters,pester,_
_,petitions,petition,_
_,petrifies,petrify,_
_,phases,phase,_
_,phones,phone,_
_,photocopies,photocopy,_
_,photographs,photograph,_
_,phrases,phrase,_
_,pickles,pickle,_
_,picks,pick,_
_,pictures,picture,_
_,pieces,piece,_
_,pierces,pierce,_
_,piles,pile,_
_,pilots,pilot,_
_,pinches,pinch,_
_,pines,pine,_
_,pings,ping,_
_,pinpoints,pinpoint,_
_,pins,pin,_
_,pioneers,pioneer,_
_,pipes,pipe,_
_,pitches,pitch,_
_,pities,pity,_
_,pits,pit,_
_,placates,placate,_
_,places,place,_
_,plagues,plague,_
_,plans,plan,_
_,plants,plant,_
_,plasters,plaster,_
_,plays,play,_
_,pleads,plead,_
_,pleas,plea,_
_,pleases,please,_
_,pledges,pledge,_
_,plies,ply,_
_,plods,plod,_
_,plots,plot,_
_,plows,plow,_
_,plucks,pluck,_
_,plugs,plug,_
_,plummets,plummet,_
_,plumps,plump,_
_,plunders,plunder,_
_,plunges,plunge,_
_,poaches,poach,_
_,pockets,pocket,_
_,points,point,_
_,poises,poise,_
_,poisons,poison,_
_,pokes,poke,_
_,polarizes,polarize,_
_,polices,police,_
_,polishes,polish,_
_,pollinates,pollinate,_
_,polls,poll,_
_,pollutes,pollute,_
_,ponders,ponder,_
_,pools,pool,_
_,pops,pop,_
_,popularizes,popularize,_
_,populates,populate,_
_,portends,portend,_
_,portrays,portray,_
_,poses,pose,_
_,positions,position,_
_,possesses,possess,_
_,postpones,postpone,_
_,posts,post,_
_,postulates,postulate,_
_,pots,pot,_
_,pounces,pounce,_
_,pounds,pound,_
_,pours,pour,_
_,pouts,pout,_
_,powders,powder,_
_,powers,power,_
_,practices,practice,_
_,praises,praise,_
_,prays,pray,_
_,pre-empts,pre-empt,_
_,pre-registers,pre-register,_
_,pre-tries,pre-try,_
_,preaches,preach,_
_,precedes,precede,_
_,precipitates,precipitate,_
_,precludes,preclude,_
_,predetermines,predetermine,_
_,predicates,predicate,_
_,predicts,predict,_
_,predisposes,predispose,_
_,preens,preen,_
_,prefers,prefer,_
_,prejudices,prejudice,_
_,premieres,premiere,_
_,preoccupies,preoccupy,_
_,prepares,prepare,_
_,prepays,prepay,_
_,presages,presage,_
_,prescribes,prescribe,_
_,presents,present,_
_,preserves,preserve,_
_,presides,preside,_
_,presses,press,_
_,pressures,pressure,_
_,pressurizes,pressurize,_
_,presumes,presume,_
_,presupposes,presuppose,_
_,pretends,pretend,_
_,prevails,prevail,_
_,prevents,prevent,_
_,previews,preview,_
_,prices,price,_
_,pricks,prick,_
_,prides,pride,_
_,pries,pry,_
_,primes,prime,_
_,primps,primp,_
_,prints,print,_
_,privatizes,privatize,_
_,prizes,prize,_
_,probes,probe,_
_,proceeds,proceed,_
_,processes,process,_
_,proclaims,proclaim,_
_,procures,procure,_
_,prods,prod,_
_,produces,produce,_
_,professes,profess,_
_,profiles,profile,_
_,profits,profit,_
_,programs,program,_
_,progresses,progress,_
_,prohibits,prohibit,_
_,projects,project,_
_,proliferates,proliferate,_
_,prolongs,prolong,_
_,promises,promise,_
_,promotes,promote,_
_,prompts,prompt,_
_,pronounces,pronounce,_
_,proofreads,proofread,_
_,propagates,propagate,_
_,propels,propel,_
_,prophesizes,prophesize,_
_,proposes,propose,_
_,props,prop,_
_,proscribes,proscribe,_
_,prosecutes,prosecute,_
_,prospers,prosper,_
_,protects,protect,_
_,protests,protest,_
_,protracts,protract,_
_,protrudes,protrude,_
_,proves,prove,_
_,provides,provide,_
_,provokes,provoke,_
_,prowls,prowl,_
_,prunes,prune,_
_,publicizes,publicize,_
_,publishes,publish,_
_,puckers,pucker,_
_,puffs,puff,_
_,pulls,pull,_
_,pummels,pummel,_
_,pumps,pump,_
_,punches,punch,_
_,punctuates,punctuate,_
_,punctures,puncture,_
_,punishes,punish,_
_,purchases,purchase,_
_,purges,purge,_
_,purifies,purify,_
_,purports,purport,_
_,purrs,purr,_
_,purses,purse,_
_,pursues,pursue,_
_,pushes,push,_
_,puts,put,_
_,puzzles,puzzle,_
_,quadruples,quadruple,_
_,qualifies,qualify,_
_,quantifies,quantify,_
_,quarrels,quarrel,_
_,quarters,quarter,_
_,quashes,quash,_
_,quells,quell,_
_,quenches,quench,_
_,queries,query,_
_,questions,question,_
_,queues,queue,_
_,quickens,quicken,_
_,quiets,quiet,_
_,quips,quip,_
_,quits,quit,_
_,quivers,quiver,_
_,quizes,quiz,_
_,quotes,quote,_
_,races,race,_
_,racks,rack,_
_,radiates,radiate,_
_,rages,rage,_
_,raids,raid,_
_,rains,rain,_
_,raises,raise,_
_,rakes,rake,_
_,rallies,rally,_
_,ramps,ramp,_
_,rams,ram,_
_,ranges,range,_
_,ranks,rank,_
_,ransacks,ransack,_
_,rants,rant,_
_,rates,rate,_
_,ratifies,ratify,_
_,rationalizes,rationalize,_
_,rations,ration,_
_,rats,rat,_
_,rattles,rattle,_
_,ravages,ravage,_
_,raves,rave,_
_,razes,raze,_
_,re-emerges,re-emerge,_
_,re-enters,re-enter,_
_,re-establishes,re-establish,_
_,re-evaluates,re-evaluate,_
_,re-examines,re-examine,_
_,reaches,reach,_
_,reacts,react,_
_,readmits,readmit,_
_,reads,read,_
_,reaffirms,reaffirm,_
_,realigns,realign,_
_,realizes,realize,_
_,reappears,reappear,_
_,reappraises,reappraise,_
_,reaps,reap,_
_,rearms,rearm,_
_,rearranges,rearrange,_
_,rears,rear,_
_,reasons,reason,_
_,reassembles,reassemble,_
_,reasserts,reassert,_
_,reassesses,reassess,_
_,reassumes,reassume,_
_,reassures,reassure,_
_,reauthorizes,reauthorize,_
_,rebels,rebel,_
_,rebounds,rebound,_
_,rebuffs,rebuff,_
_,rebuilds,rebuild,_
_,rebukes,rebuke,_
_,rebuts,rebut,_
_,recalls,recall,_
_,recaptures,recapture,_
_,recedes,recede,_
_,receives,receive,_
_,recesses,recess,_
_,recharges,recharge,_
_,reciprocates,reciprocate,_
_,recites,recite,_
_,reckons,reckon,_
_,reclaims,reclaim,_
_,reclines,recline,_
_,recognizes,recognize,_
_,recoils,recoil,_
_,recollects,recollect,_
_,recommends,recommend,_
_,reconciles,reconcile,_
_,reconfigures,reconfigure,_
_,reconnects,reconnect,_
_,reconsiders,reconsider,_
_,reconstitutes,reconstitute,_
_,reconstructs,reconstruct,_
_,reconvenes,reconvene,_
_,records,record,_
_,recounts,recount,_
_,recoups,recoup,_
_,recovers,recover,_
_,recrafts,recraft,_
_,recreates,recreate,_
_,recruits,recruit,_
_,rectifies,rectify,_
_,recycles,recycle,_
_,reddens,redden,_
_,redeems,redeem,_
_,redefines,redefine,_
_,redesigns,redesign,_
_,redevelops,redevelop,_
_,redials,redial,_
_,redirects,redirect,_
_,rediscovers,rediscover,_
_,redistributes,redistribute,_
_,redoes,redo,_
_,redounds,redound,_
_,redraws,redraw,_
_,reduces,reduce,_
_,reels,reel,_
_,reestablishes,reestablish,_
_,references,reference,_
_,refers,refer,_
_,refills,refill,_
_,refinances,refinance,_
_,refines,refine,_
_,reflects,reflect,_
_,refocuses,refocus,_
_,refocuseses,refocuses,_
_,reforms,reform,_
_,refrains,refrain,_
_,refreshes,refresh,_
_,refrigerates,refrigerate,_
_,refunds,refund,_
_,refurbishes,refurbish,_
_,refuses,refuse,_
_,refutes,refute,_
_,regains,regain,_
_,regards,regard,_
_,regenerates,regenerate,_
_,registers,register,_
_,regrets,regret,_
_,regroups,regroup,_
_,regulates,regulate,_
_,rehabilitates,rehabilitate,_
_,rehearses,rehearse,_
_,reignites,reignite,_
_,reigns,reign,_
_,reimburses,reimburse,_
_,reimposes,reimpose,_
_,reinforces,reinforce,_
_,reins,rein,_
_,reinstates,reinstate,_
_,reinterprets,reinterpret,_
_,reintroduces,reintroduce,_
_,reinvents,reinvent,_
_,reinvests,reinvest,_
_,reinvigorates,reinvigorate,_
_,reissues,reissue,_
_,reiterates,reiterate,_
_,rejects,reject,_
_,rejoices,rejoice,_
_,rejoins,rejoin,_
_,rejuvenates,rejuvenate,_
_,rekindles,rekindle,_
_,relapses,relapse,_
_,relates,relate,_
_,relaunches,relaunch,_
_,relaxes,relax,_
_,relays,relay,_
_,releases,release,_
_,relegates,relegate,_
_,relents,relent,_
_,relies,rely,_
_,relieves,relieve,_
_,relinquishes,relinquish,_
_,relishes,relish,_
_,relocates,relocate,_
_,remains,remain,_
_,remakes,remake,_
_,remands,remand,_
_,remarks,remark,_
_,remedies,remedy,_
_,remembers,remember,_
_,reminds,remind,_
_,remits,remit,_
_,removes,remove,_
_,renames,rename,_
_,renders,render,_
_,reneges,renege,_
_,renegotiates,renegotiate,_
_,renews,renew,_
_,renounces,renounce,_
_,renovates,renovate,_
_,rents,rent,_
_,reopens,reopen,_
_,reorganizes,reorganize,_
_,repairs,repair,_
_,repatriates,repatriate,_
_,repays,repay,_
_,repeals,repeal,_
_,repeats,repeat,_
_,repels,repel,_
_,replaces,replace,_
_,replasters,replaster,_
_,replenishes,replenish,_
_,replicates,replicate,_
_,replies,reply,_
_,reponds,repond,_
_,reports,report,_
_,repositions,reposition,_
_,repossesses,repossess,_
_,represents,represent,_
_,represses,repress,_
_,reprieves,reprieve,_
_,reprimands,reprimand,_
_,reprints,reprint,_
_,reproaches,reproach,_
_,reproduces,reproduce,_
_,reprograms,reprogram,_
_,repulses,repulse,_
_,repurchases,repurchase,_
_,reputes,repute,_
_,requests,request,_
_,requires,require,_
_,requisitions,requisition,_
_,rereads,reread,_
_,reschedules,reschedule,_
_,rescinds,rescind,_
_,rescues,rescue,_
_,researches,research,_
_,resells,resell,_
_,resembles,resemble,_
_,resents,resent,_
_,reserves,reserve,_
_,resets,reset,_
_,reshapes,reshape,_
_,reshuffles,reshuffle,_
_,resides,reside,_
_,resigns,resign,_
_,resists,resist,_
_,resolves,resolve,_
_,resorts,resort,_
_,respects,respect,_
_,responds,respond,_
_,restarts,restart,_
_,restates,restate,_
_,restores,restore,_
_,restrains,restrain,_
_,restricts,restrict,_
_,restructures,restructure,_
_,rests,rest,_
_,results,result,_
_,resumes,resume,_
_,resurfaces,resurface,_
_,resurrects,resurrect,_
_,retails,retail,_
_,retains,retain,_
_,retakes,retake,_
_,retaliates,retaliate,_
_,reteaches,reteach,_
_,retells,retell,_
_,rethinks,rethink,_
_,retires,retire,_
_,retorts,retort,_
_,retraces,retrace,_
_,retracts,retract,_
_,retreats,retreat,_
_,retries,retry,_
_,retrieves,retrieve,_
_,retrofits,retrofit,_
_,returns,return,_
_,reunites,reunite,_
_,reuses,reuse,_
_,revamps,revamp,_
_,reveals,reveal,_
_,revels,revel,_
_,reverberates,reverberate,_
_,reveres,revere,_
_,reverses,reverse,_
_,reverts,revert,_
_,reviews,review,_
_,reviles,revile,_
_,revises,revise,_
_,revisits,revisit,_
_,revives,revive,_
_,revokes,revoke,_
_,revolts,revolt,_
_,revolutionizes,revolutionize,_
_,revolves,revolve,_
_,revs,rev,_
_,rewards,reward,_
_,reworks,rework,_
_,rewrites,rewrite,_
_,rhymes,rhyme,_
_,ribs,rib,_
_,riddles,riddle,_
_,rides,ride,_
_,ridicules,ridicule,_
_,rids,rid,_
_,rights,right,_
_,rigs,rig,_
_,rings,ring,_
_,rinses,rinse,_
_,ripples,ripple,_
_,rips,rip,_
_,rises,rise,_
_,risks,risk,_
_,rivals,rival,_
_,rivets,rivet,_
_,roams,roam,_
_,roars,roar,_
_,roasts,roast,_
_,robs,rob,_
_,rockets,rocket,_
_,rocks,rock,_
_,roils,roil,_
_,rolls,roll,_
_,romps,romp,_
_,roosts,roost,_
_,roots,root,_
_,ropes,rope,_
_,rotates,rotate,_
_,rots,rot,_
_,rounds,round,_
_,rouses,rouse,_
_,routes,route,_
_,rows,row,_
_,rubber-stamps,rubber-stamp,_
_,rubs,rub,_
_,ruffles,ruffle,_
_,ruins,ruin,_
_,rules,rule,_
_,rumbles,rumble,_
_,rummages,rummage,_
_,rumples,rumple,_
_,runs,run,_
_,ruptures,rupture,_
_,rushes,rush,_
_,rustles,rustle,_
_,rusts,rust,_
_,sabotages,sabotage,_
_,sacks,sack,_
_,sacrifices,sacrifice,_
_,saddens,sadden,_
_,saddles,saddle,_
_,safeguards,safeguard,_
_,safeties,safety,_
_,sags,sag,_
_,sails,sail,_
_,salts,salt,_
_,salutes,salute,_
_,salvages,salvage,_
_,samples,sample,_
_,sanctions,sanction,_
_,sandwiches,sandwich,_
_,saps,sap,_
_,sasses,sass,_
_,satisfies,satisfy,_
_,saturates,saturate,_
_,saunters,saunter,_
_,saves,save,_
_,savors,savor,_
_,saws,saw,_
_,says,say,_
_,scalds,scald,_
_,scales,scale,_
_,scampers,scamper,_
_,scans,scan,_
_,scapes,scape,_
_,scares,scare,_
_,scars,scar,_
_,scatters,scatter,_
_,scavenges,scavenge,_
_,scents,scent,_
_,schedules,schedule,_
_,schools,school,_
_,scoffs,scoff,_
_,scolds,scold,_
_,scoops,scoop,_
_,scorches,scorch,_
_,scores,score,_
_,scorns,scorn,_
_,scours,scour,_
_,scouts,scout,_
_,scowls,scowl,_
_,scrambles,scramble,_
_,scrapes,scrape,_
_,scraps,scrap,_
_,scratches,scratch,_
_,scrawls,scrawl,_
_,screams,scream,_
_,screeches,screech,_
_,screens,screen,_
_,screws,screw,_
_,scribbles,scribble,_
_,scrolls,scroll,_
_,scrubs,scrub,_
_,scrutinizes,scrutinize,_
_,sculpts,sculpt,_
_,scurries,scurry,_
_,scuttles,scuttle,_
_,seals,seal,_
_,searches,search,_
_,seasons,season,_
_,seats,seat,_
_,secludes,seclude,_
_,secretes,secrete,_
_,secures,secure,_
_,seduces,seduce,_
_,seeds,seed,_
_,seeks,seek,_
_,seems,seem,_
_,seeps,seep,_
_,sees,see,_
_,seethes,seethe,_
_,segments,segment,_
_,segregates,segregate,_
_,seizes,seize,_
_,selects,select,_
_,self-reinsures,self-reinsure,_
_,sells,sell,_
_,sends,send,_
_,senses,sense,_
_,sensitizes,sensitize,_
_,sentences,sentence,_
_,separates,separate,_
_,sequences,sequence,_
_,sequesters,sequester,_
_,serves,serve,_
_,services,service,_
_,sets,set,_
_,settles,settle,_
_,severs,sever,_
_,sews,sew,_
_,shades,shade,_
_,shadows,shadow,_
_,shakes,shake,_
_,shames,shame,_
_,shapes,shape,_
_,shares,share,_
_,sharpens,sharpen,_
_,shatters,shatter,_
_,shaves,shave,_
_,shears,shear,_
_,sheaths,sheath,_
_,sheds,shed,_
_,shells,shell,_
_,shelters,shelter,_
_,shelves,shelve,_
_,shepherds,shepherd,_
_,shields,shield,_
_,shies,shy,_
_,shifts,shift,_
_,shimmers,shimmer,_
_,shines,shine,_
_,ships,ship,_
_,shirks,shirk,_
_,shivers,shiver,_
_,shocks,shock,_
_,shoe-horns,shoe-horn,_
_,shoots,shoot,_
_,shops,shop,_
_,shores,shore,_
_,shorns,shorn,_
_,shortens,shorten,_
_,shorts,short,_
_,shoulders,shoulder,_
_,shouts,shout,_
_,shoves,shove,_
_,showers,shower,_
_,shows,show,_
_,shreds,shred,_
_,shrieks,shriek,_
_,shrinks,shrink,_
_,shrivels,shrivel,_
_,shrouds,shroud,_
_,shrugs,shrug,_
_,shudders,shudder,_
_,shuffles,shuffle,_
_,shuns,shun,_
_,shunts,shunt,_
_,shuts,shut,_
_,shutters,shutter,_
_,sickens,sicken,_
_,sidelines,sideline,_
_,sides,side,_
_,sidetracks,sidetrack,_
_,sidles,sidle,_
_,sifts,sift,_
_,sighs,sigh,_
_,sights,sight,_
_,signals,signal,_
_,signifies,signify,_
_,signs,sign,_
_,silences,silence,_
_,silhouettes,silhouette,_
_,simplifies,simplify,_
_,simulates,simulate,_
_,singes,singe,_
_,singles,single,_
_,sings,sing,_
_,sinks,sink,_
_,sips,sip,_
_,sires,sire,_
_,sits,sit,_
_,situates,situate,_
_,sizes,size,_
_,sketches,sketch,_
_,skews,skew,_
_,skids,skid,_
_,skims,skim,_
_,skins,skin,_
_,skippers,skipper,_
_,skips,skip,_
_,skirts,skirt,_
_,skis,ski,_
_,slackens,slacken,_
_,slacks,slack,_
_,slam-dunks,slam-dunk,_
_,slams,slam,_
_,slants,slant,_
_,slaps,slap,_
_,slashes,slash,_
_,slates,slate,_
_,slaughters,slaughter,_
_,slays,slay,_
_,sleeps,sleep,_
_,slices,slice,_
_,slides,slide,_
_,slings,sling,_
_,slinks,slink,_
_,slips,slip,_
_,slithers,slither,_
_,slits,slit,_
_,slogs,slog,_
_,slopes,slope,_
_,slouches,slouch,_
_,slows,slow,_
_,slugs,slug,_
_,slumps,slump,_
_,slurs,slur,_
_,smacks,smack,_
_,smashes,smash,_
_,smears,smear,_
_,smells,smell,_
_,smiles,smile,_
_,smirks,smirk,_
_,smokes,smoke,_
_,smooths,smooth,_
_,smothers,smother,_
_,smudges,smudge,_
_,smuggles,smuggle,_
_,snakes,snake,_
_,snaps,snap,_
_,snares,snare,_
_,snarls,snarl,_
_,snatches,snatch,_
_,sneaks,sneak,_
_,sneers,sneer,_
_,sneezes,sneeze,_
_,snickers,snicker,_
_,sniffs,sniff,_
_,snoops,snoop,_
_,snores,snore,_
_,snorts,snort,_
_,snows,snow,_
_,snubs,snub,_
_,snuffs,snuff,_
_,snuggles,snuggle,_
_,soaks,soak,_
_,soars,soar,_
_,sobs,sob,_
_,socializes,socialize,_
_,socks,sock,_
_,softens,soften,_
_,soils,soil,_
_,solicits,solicit,_
_,solidifies,solidify,_
_,solves,solve,_
_,soothes,soothe,_
_,sooths,sooth,_
_,sorts,sort,_
_,sounds,sound,_
_,sours,sour,_
_,sows,sow,_
_,spaces,space,_
_,spans,span,_
_,spares,spare,_
_,sparkles,sparkle,_
_,sparks,spark,_
_,spatters,spatter,_
_,spawns,spawn,_
_,speaks,speak,_
_,spearheads,spearhead,_
_,spears,spear,_
_,specializes,specialize,_
_,specifies,specify,_
_,speckles,speckle,_
_,speculates,speculate,_
_,speeds,speed,_
_,spells,spell,_
_,spends,spend,_
_,spices,spice,_
_,spies,spy,_
_,spikes,spike,_
_,spills,spill,_
_,spins,spin,_
_,spirals,spiral,_
_,spirits,spirit,_
_,spites,spite,_
_,spits,spit,_
_,splashes,splash,_
_,splatters,splatter,_
_,splices,splice,_
_,splinters,splinter,_
_,splits,split,_
_,splutters,splutter,_
_,spoils,spoil,_
_,sponsors,sponsor,_
_,spoons,spoon,_
_,sports,sport,_
_,spotlights,spotlight,_
_,spots,spot,_
_,sprawls,sprawl,_
_,sprays,spray,_
_,spreads,spread,_
_,springs,spring,_
_,sprinkles,sprinkle,_
_,sprints,sprint,_
_,sprouts,sprout,_
_,spruces,spruce,_
_,spurns,spurn,_
_,spurs,spur,_
_,spurts,spurt,_
_,squanders,squander,_
_,squares,square,_
_,squashes,squash,_
_,squats,squat,_
_,squeaks,squeak,_
_,squeals,squeal,_
_,squeezes,squeeze,_
_,squints,squint,_
_,squirms,squirm,_
_,squirts,squirt,_
_,stabilizes,stabilize,_
_,stables,stable,_
_,stabs,stab,_
_,stacks,stack,_
_,staffs,staff,_
_,stages,stage,_
_,staggers,stagger,_
_,stains,stain,_
_,stakes,stake,_
_,stalks,stalk,_
_,stalls,stall,_
_,stammers,stammer,_
_,stampedes,stampede,_
_,stamps,stamp,_
_,stanches,stanch,_
_,standardizes,standardize,_
_,stands,stand,_
_,stares,stare,_
_,stars,star,_
_,startles,startle,_
_,starts,start,_
_,starves,starve,_
_,stashes,stash,_
_,states,state,_
_,stations,station,_
_,staunches,staunch,_
_,staves,stave,_
_,stays,stay,_
_,steadies,steady,_
_,steals,steal,_
_,steams,steam,_
_,steers,steer,_
_,stems,stem,_
_,steps,step,_
_,stereotypes,stereotype,_
_,sterilizes,sterilize,_
_,sticks,stick,_
_,stiffens,stiffen,_
_,stifles,stifle,_
_,stimulates,stimulate,_
_,stings,sting,_
_,stinks,stink,_
_,stipulates,stipulate,_
_,stirs,stir,_
_,stitches,stitch,_
_,stockpiles,stockpile,_
_,stocks,stock,_
_,stomaches,stomach,_
_,stomps,stomp,_
_,stones,stone,_
_,stoops,stoop,_
_,stops,stop,_
_,stores,store,_
_,storms,storm,_
_,stows,stow,_
_,straddles,straddle,_
_,strafes,strafe,_
_,straightens,straighten,_
_,strains,strain,_
_,strands,strand,_
_,strangles,strangle,_
_,straps,strap,_
_,strategizes,strategize,_
_,stratifies,stratify,_
_,strays,stray,_
_,streaks,streak,_
_,streamlines,streamline,_
_,streams,stream,_
_,streetspeaks,streetspeak,_
_,strengthens,strengthen,_
_,stresses,stress,_
_,stretches,stretch,_
_,strides,stride,_
_,strikes,strike,_
_,strings,string,_
_,strips,strip,_
_,strives,strive,_
_,strokes,stroke,_
_,strolls,stroll,_
_,structures,structure,_
_,struggles,struggle,_
_,struts,strut,_
_,stubs,stub,_
_,studies,study,_
_,stuffs,stuff,_
_,stumbles,stumble,_
_,stumps,stump,_
_,stuns,stun,_
_,stunts,stunt,_
_,stutters,stutter,_
_,styles,style,_
_,stylizes,stylize,_
_,subcontracts,subcontract,_
_,subdivides,subdivide,_
_,subdues,subdue,_
_,subjects,subject,_
_,sublets,sublet,_
_,submerges,submerge,_
_,submits,submit,_
_,subordinates,subordinate,_
_,subpoenas,subpoena,_
_,subscribes,subscribe,_
_,subsides,subside,_
_,subsidizes,subsidize,_
_,substantiates,substantiate,_
_,substitutes,substitute,_
_,subsumes,subsume,_
_,subtracts,subtract,_
_,subverts,subvert,_
_,succeeds,succeed,_
_,succumbs,succumb,_
_,sucks,suck,_
_,sues,sue,_
_,suffers,suffer,_
_,suffices,suffice,_
_,suffocates,suffocate,_
_,suggests,suggest,_
_,suits,suit,_
_,summarizes,summarize,_
_,summons,summon,_
_,sums,sum,_
_,superimposes,superimpose,_
_,supersedes,supersede,_
_,supervises,supervise,_
_,supplants,supplant,_
_,supplements,supplement,_
_,supplies,supply,_
_,supports,support,_
_,supposes,suppose,_
_,suppresses,suppress,_
_,surfaces,surface,_
_,surges,surge,_
_,surmises,surmise,_
_,surmounts,surmount,_
_,surpasses,surpass,_
_,surprises,surprise,_
_,surrenders,surrender,_
_,surrounds,surround,_
_,surveys,survey,_
_,survives,survive,_
_,suspects,suspect,_
_,suspends,suspend,_
_,sustains,sustain,_
_,swaggers,swagger,_
_,swallows,swallow,_
_,swamps,swamp,_
_,swaps,swap,_
_,swarms,swarm,_
_,sways,sway,_
_,swears,swear,_
_,sweats,sweat,_
_,sweeps,sweep,_
_,sweetens,sweeten,_
_,swells,swell,_
_,swerves,swerve,_
_,swims,swim,_
_,swings,swing,_
_,swirls,swirl,_
_,switches,switch,_
_,swivels,swivel,_
_,swoops,swoop,_
_,symbolizes,symbolize,_
_,sympathizes,sympathize,_
_,synthesizes,synthesize,_
_,systematizes,systematize,_
_,systemizes,systemize,_
_,tables,table,_
_,tabulates,tabulate,_
_,tackles,tackle,_
_,tacks,tack,_
_,tags,tag,_
_,tailors,tailor,_
_,tails,tail,_
_,taints,taint,_
_,takes,take,_
_,talks,talk,_
_,tames,tame,_
_,tampers,tamper,_
_,tandies,tandy,_
_,tangles,tangle,_
_,tans,tan,_
_,tapers,taper,_
_,tapes,tape,_
_,taps,tap,_
_,targets,target,_
_,tarnishes,tarnish,_
_,tastes,taste,_
_,tatters,tatter,_
_,taunts,taunt,_
_,taxes,tax,_
_,teaches,teach,_
_,teams,team,_
_,tears,tear,_
_,teases,tease,_
_,telephones,telephone,_
_,televises,televise,_
_,tells,tell,_
_,tempts,tempt,_
_,tenders,tender,_
_,tends,tend,_
_,tenses,tense,_
_,terminates,terminate,_
_,terms,term,_
_,terrifies,terrify,_
_,terrorizes,terrorize,_
_,test-drives,test-drive,_
_,testifies,testify,_
_,tests,test,_
_,tethers,tether,_
_,textures,texture,_
_,thanks,thank,_
_,thatches,thatch,_
_,thaws,thaw,_
_,theorizes,theorize,_
_,thes,the,_
_,thickens,thicken,_
_,thinks,think,_
_,thins,thin,_
_,thrashes,thrash,_
_,threads,thread,_
_,threatens,threaten,_
_,thrills,thrill,_
_,thrives,thrive,_
_,throbs,throb,_
_,throws,throw,_
_,thrusts,thrust,_
_,thuds,thud,_
_,thumbs,thumb,_
_,thumps,thump,_
_,thunders,thunder,_
_,thwarts,thwart,_
_,tickles,tickle,_
_,ticks,tick,_
_,ties,tie,_
_,tightens,tighten,_
_,tiles,tile,_
_,tills,till,_
_,tilts,tilt,_
_,times,time,_
_,tinges,tinge,_
_,tingles,tingle,_
_,tints,tint,_
_,tips,tip,_
_,tiptoes,tiptoe,_
_,tires,tire,_
_,titles,title,_
_,toasts,toast,_
_,toils,toil,_
_,tolerates,tolerate,_
_,tones,tone,_
_,topples,topple,_
_,tops,top,_
_,torments,torment,_
_,torpedoes,torpedo,_
_,tortures,torture,_
_,tosses,toss,_
_,totals,total,_
_,totters,totter,_
_,touches,touch,_
_,toughens,toughen,_
_,toughs,tough,_
_,tours,tour,_
_,touts,tout,_
_,towers,tower,_
_,tows,tow,_
_,toys,toy,_
_,traces,trace,_
_,tracks,track,_
_,trades,trade,_
_,traduces,traduce,_
_,trails,trail,_
_,trains,train,_
_,tramples,trample,_
_,tramps,tramp,_
_,transacts,transact,_
_,transcends,transcend,_
_,transcribes,transcribe,_
_,transfers,transfer,_
_,transfixes,transfix,_
_,transforms,transform,_
_,translates,translate,_
_,transmits,transmit,_
_,transmutes,transmute,_
_,transpires,transpire,_
_,transplants,transplant,_
_,transports,transport,_
_,transposes,transpose,_
_,traps,trap,_
_,trashes,trash,_
_,travels,travel,_
_,traverses,traverse,_
_,treads,tread,_
_,treasures,treasure,_
_,treats,treat,_
_,trembles,tremble,_
_,trends,trend,_
_,trickles,trickle,_
_,tricks,trick,_
_,tries,try,_
_,triggers,trigger,_
_,trims,trim,_
_,triples,triple,_
_,trips,trip,_
_,triumphs,triumph,_
_,trivializes,trivialize,_
_,trots,trot,_
_,troubles,trouble,_
_,troubleshoots,troubleshoot,_
_,trudges,trudge,_
_,truncates,truncate,_
_,trusses,truss,_
_,trusts,trust,_
_,tucks,tuck,_
_,tugs,tug,_
_,tumbles,tumble,_
_,tunes,tune,_
_,turns,turn,_
_,tutors,tutor,_
_,twinkles,twinkle,_
_,twirls,twirl,_
_,twists,twist,_
_,twitches,twitch,_
_,types,type,_
_,typifies,typify,_
_,unarms,unarm,_
_,unbalances,unbalance,_
_,unblocks,unblock,_
_,unbuttons,unbutton,_
_,uncovers,uncover,_
_,undercuts,undercut,_
_,underestimates,underestimate,_
_,undergoes,undergo,_
_,underlies,underlie,_
_,underlines,underline,_
_,undermines,undermine,_
_,underperforms,underperform,_
_,underpins,underpin,_
_,underscores,underscore,_
_,understands,understand,_
_,understates,understate,_
_,undertakes,undertake,_
_,undervalues,undervalue,_
_,underwrites,underwrite,_
_,undoes,undo,_
_,undresses,undress,_
_,undulates,undulate,_
_,unearths,unearth,_
_,unfastens,unfasten,_
_,unfolds,unfold,_
_,unfurls,unfurl,_
_,unifies,unify,_
_,unites,unite,_
_,unleashes,unleash,_
_,unloads,unload,_
_,unlocks,unlock,_
_,unmasks,unmask,_
_,unpacks,unpack,_
_,unplugs,unplug,_
_,unravels,unravel,_
_,unrolls,unroll,_
_,unties,untie,_
_,unveils,unveil,_
_,unwinds,unwind,_
_,unwraps,unwrap,_
_,unzips,unzip,_
_,updates,update,_
_,upgrades,upgrade,_
_,upholds,uphold,_
_,upholsters,upholster,_
_,uproots,uproot,_
_,ups,up,_
_,upsets,upset,_
_,upstages,upstage,_
_,urges,urge,_
_,uses,use,_
_,ushers,usher,_
_,usurps,usurp,_
_,utilizes,utilize,_
_,utters,utter,_
_,vacates,vacate,_
_,vaccinates,vaccinate,_
_,vacillates,vacillate,_
_,vacuums,vacuum,_
_,validates,validate,_
_,values,value,_
_,vandalizes,vandalize,_
_,vanishes,vanish,_
_,varies,vary,_
_,varnishes,varnish,_
_,vaults,vault,_
_,veers,veer,_
_,vegetates,vegetate,_
_,venerates,venerate,_
_,ventilates,ventilate,_
_,vents,vent,_
_,ventures,venture,_
_,verbalizes,verbalize,_
_,verifies,verify,_
_,vests,vest,_
_,vetoes,veto,_
_,vets,vet,_
_,vibrates,vibrate,_
_,victimizes,victimize,_
_,views,view,_
_,vindicates,vindicate,_
_,violates,violate,_
_,visits,visit,_
_,visualizes,visualize,_
_,vitiates,vitiate,_
_,voices,voice,_
_,voids,void,_
_,volunteers,volunteer,_
_,vomits,vomit,_
_,votes,vote,_
_,vows,vow,_
_,waddles,waddle,_
_,wades,wade,_
_,wads,wad,_
_,wages,wage,_
_,wags,wag,_
_,wails,wail,_
_,waits,wait,_
_,waives,waive,_
_,wakens,waken,_
_,wakes,wake,_
_,walks,walk,_
_,walls,wall,_
_,wanders,wander,_
_,wanes,wane,_
_,wants,want,_
_,wards,ward,_
_,warms,warm,_
_,warns,warn,_
_,warps,warp,_
_,warrants,warrant,_
_,was,were,_
_,washes,wash,_
_,wastes,waste,_
_,watches,watch,_
_,waterlogs,waterlog,_
_,waters,water,_
_,wavers,waver,_
_,waves,wave,_
_,waxes,wax,_
_,weakens,weaken,_
_,weans,wean,_
_,wears,wear,_
_,weathers,weather,_
_,weaves,weave,_
_,wedges,wedge,_
_,weds,wed,_
_,weeps,weep,_
_,weighs,weigh,_
_,weights,weight,_
_,welcomes,welcome,_
_,welds,weld,_
_,whacks,whack,_
_,wheels,wheel,_
_,whimpers,whimper,_
_,whines,whine,_
_,whips,whip,_
_,whirls,whirl,_
_,whisks,whisk,_
_,whispers,whisper,_
_,whistles,whistle,_
_,whitens,whiten,_
_,whitewashes,whitewash,_
_,whittles,whittle,_
_,widens,widen,_
_,wields,wield,_
_,wiggles,wiggle,_
_,wills,will,_
_,wimps,wimp,_
_,winces,wince,_
_,winds,wind,_
_,winks,wink,_
_,wins,win,_
_,wipes,wipe,_
_,wires,wire,_
_,wishes,wish,_
_,withdraws,withdraw,_
_,withers,wither,_
_,withholds,withhold,_
_,withstands,withstand,_
_,witnesses,witness,_
_,wobbles,wobble,_
_,wonders,wonder,_
_,wooes,woo,_
_,words,word,_
_,works,work,_
_,worries,worry,_
_,worsens,worsen,_
_,worships,worship,_
_,wounds,wound,_
_,wraps,wrap,_
_,wreaks,wreak,_
_,wrecks,wreck,_
_,wrenches,wrench,_
_,wrestles,wrestle,_
_,wrests,wrest,_
_,wriggles,wriggle,_
_,wrings,wring,_
_,wrinkles,wrinkle,_
_,writes,write,_
_,writhes,writhe,_
_,x-rays,x-ray,_
_,yaks,yak,_
_,yanks,yank,_
_,yawns,yawn,_
_,yearns,yearn,_
_,yells,yell,_
_,yelps,yelp,_
_,yields,yield,_
_,zaps,zap,_
_,zeroes,zero,_
_,zips,zip,_
_,zooms,zoom,_
